{"coef": [[0.17051350237923277, -0.23363983816539974, 0.11451702935771521, 0.18062823266169248, 0.8978772356650097, 0.23492329905513037, -0.19460071730930248, 0.4163678650071264, 0.699672936826369, 0.4770912117956384, 0.4057850781662449, 0.1784621232643679, 0.35826003750532515, 0.14235767330085183, -0.057088973268089746, -0.11696630390847858, 0.11915658365289218, 0.056578010675314504, -0.09065353627667075, -0.16530471286429202, 0.061571404361419106, -0.02704708679360792, -0.013943332633558233, 0.24813084473593494, 0.3605781578695224, 0.0791491621417422, -0.01902650068793873, 0.18559817933210754, -0.19219459854633192, -0.055189658754756614]], 
"intercept": 0.9672343999911834,
 "feature_names": ["age_first_funding_year", "age_last_funding_year", "age_first_milestone_year", "age_last_milestone_year", "relationships", "funding_rounds", "funding_total_usd", "milestones", "is_CA", "is_NY", "is_MA", "is_TX", "is_otherstate", "is_software", "is_web", "is_mobile", "is_enterprise", "is_advertising", "is_gamesvideo", "is_ecommerce", "is_biotech", "is_consulting", "is_othercategory", "avg_participants", "is_top500", "has_RoundABCD", "has_Investor", "founding_year", "first_funding_year", "last_funding_year"], 
"scaler_type": "standard", 
"scaler_mean": [2.2393406205923836, 3.9325451339915376, 2.5535107193229902, 4.656438363892806, 7.6657263751763045, 2.310296191819464, 19766659.881523274, 1.8688293370944993, 0.5246826516220028, 0.11424541607898449, 0.07898448519040903, 0.0535966149506347, 0.22708039492242596, 0.15796897038081806, 0.16502115655853314, 0.08039492242595205, 0.08321579689703808, 0.05782792665726375, 0.05782792665726375, 0.028208744710860368, 0.0380818053596615, 0.004231311706629055, 0.32722143864598024, 2.8064853314527505, 0.8095909732016925, 0.7447108603667136, 0.5684062059238364, 2005.5232722143865, 2007.5148095909733, 2009.1918194640339], 
"scaler_scale": [2.360295340174458, 2.857646485477184, 2.923616969966881, 2.989273249059193, 7.4337484874005915, 1.395001573622277, 34090864.988079175, 1.3482481598854117, 0.49939039509076144, 0.3181091023279972, 0.2697145459362826, 0.2252199321029737, 0.4189449715228732, 0.3647119065476781, 0.3711996423039996, 0.27190362056081047, 0.27620812450727983, 0.23341777472117642, 0.23341777472117645, 0.16556875137748028, 0.19139378636781904, 0.06491076727223612, 0.4691988584133973, 1.871292064706909, 0.3926237757854571, 0.4360236172715679, 0.49529848676440125, 3.443451299576718, 2.3178629630561525, 2.121125041746505]}